,Age,Math,English,Science,Gender_F,Gender_M,Gender_nan
0,18.0,90.0,78.0,80.33333333333333,1,0,0
1,17.0,78.0,85.0,80.0,0,1,0
2,18.0,90.0,88.0,80.33333333333333,1,0,0
3,16.0,80.0,82.0,79.0,0,1,0
4,17.0,84.5,92.0,82.0,1,0,0
